	texts	stars	ton
0	Ужаснее почты не встречала. Вечные очереди, ещё и рабочее время сократили. Как быть людям которые работают с раннего утра и до позднего вечера. уже несколько дней не могу получить посылку. Работает один оператор и на приём и на выдачу. Ещё и еле шевелится, работает вечно с недовольством.	1	0
1	Как так получилось, что центральное отделение почты - худшее отделение в городе? Единственные его плюсы - работа в понедельник и до поздна. Нюансы - километровая очередь, в которой можно простоять час и психанув уйти, один оператор в понедельник вечером, а так же отсутствие безналичного рассчёта и невыносимая духота. Никогда не возникало таких проблем в районных отделениях города, не ожидал и от центрального, но что есть, то есть.	1	0
2	"Исходя из опыта взаимодействия с почтой России, в каждом городе есть крупные и классные отделения, вот это как раз такое отделение.
Конечно случаются спорные ситуации, но относитесь уважительно к сотрудникам почты.
Первое место в г. Абакан прочно держит именно это отделение "	5	1
3	Отделение огонь. Время работы временно до 20:00 (на двери информация указана)	5	1
4	Мне нравится это почтовое отделение. Работают допоздна. Персонал мне попадается исключительно вежливый. Никогда не было никаких проблем.	5	1
5	Сегодня отправляли 6 посылок себе на Камчатку, замучились бы если не сотрудницы, они нам помогали с оформлением онлайн посылок. Огромное спасибо сотрудницам, остались очень довольны вашей работой	5	1
6	Сотрудница почты отказалась отправлять посылку обычного формата, сказала, что отправляют только ЕМС (в три раза дороже). Какие основания - непонятно.	1	0
7	Позвонить по горячей линии - это ацкий ад, оперативности - 0. Разговариваешь с ботом, который постоянно тебя куда-то перенаправляет доводя до исступления, достучаться до оператора, в принципе, не реально, позвонив для получения информации рискуешь потерять время на безрезультатное общение с ботом.	1	0
8	Халатное отношение, сотрудники хамят. Крайне не советую заказывать сюда.	1	0
9	Тормоза, а не работники. Ещё эти бабушки вечно долго стоят, мне просто нады за 30 секунд забрать, а я стоя 10минут	1	0
10	В 8 утра отправлял посылку. Очередь минимальная была. Быстро, четко. )	5	1
11	"все дело в лени сотрудников и их нежелании обращаться с посетителями должным образом. почему нельзя соблюдать вежливость? две работницы почты на моих глазах просто наорали на пожилую женщину. она, как и все, кому пришлось оказаться в этом месте, провела довольно много времени в ожидании и справедливо возмутилась. на нее просто налаяли две собаки, две хамки, которым пришлось отдуваться за своих ленивых коллег. на три кассы в зале получения/отправления посылок было всего два сотрудника, и то, стояли они, почему-то, на одной. отвратительно долго, нельзя расплатиться картой: ""рядом есть Сбер, сходите туда"". в свою очередь интересно, куда же люди ежедневно отправляют этих женщин?"	1	0
12	Просто отвратительное обслуживание! Хамское и непрофессиональное. Складывается впечатление, что вы набираете персонал по принципу самых тупых и наглых женщин. Отправить письмо - отстоять 3 очереди по часу, это полный пипец	1	0
13	очень часто заказываю посылки с зарубежа. Всегда быстро доставляют. Всегда идут на встречу, перезванивают. Отдельное спасибо, ребятам с отделения 655990!	5	1
14	07.01.2022 не работало отделение, но никаких объявлений не удосужились написать.	2	
15	Только что вышла из отделения. Мой талон т118 так и не вызвали. Понимаю много работы, ведь в зале на 6 операторов целых 2 ( два) человека стояло 25 минут, и за 25 минут электронная очередь не сдвинулась. Как оказалось ждала я зря, ведь на почте не продают почтовых открыток. ✌️	2	
16	Мне нахамила оператор, перепутала посылки при отправке, предъявила мне же, очень плохо Почта России. Пока стоял в очереди наслушался криков и истерики в сеседние окошки. ОТВРАТИТЕЛЬНО. Я часто отправляю посылки но так плохо как сегодня ещё не было.	1	0
17	"Хотел отправить открытку. В наличии были только с днём рождения. 
Очередей нет. Персонал приветливый
Зато объяснили где купить открытку. В магазе на против."	4	
18	Ужасное обслуживание. Взяла талон, 20 минут простояла у окна и никто не подошёл	1	0
19	Ужасное обслуживание, не отдали посылку, хамски обращались. Работники отстой. Судя по большинствц отзывов, можно понять, что это не почта, а полный пиз...ц	1	0
20	Оператор Мельник Марина Юрьевна, добрая, отзывчивая девушка, сегодня пришли отправлять посылку, она нам вежливо подсказала как лучше отправить, на соседней стойке работала женщина, хамка, начала орать при всех людях, только благодаря Марине Юрьевне, ставлю 5 звёзд за ее обслуживание !!!	5	1
21	Смените курицу управляющую, она может решить только какой рукой поковыряться в носу	1	0
22	Ужасное, хамское обслуживание!! Одна вообще не умеет работать, разобраться в документах не может, бегает туда-сюда (путают наименование получателя и отправителя), таким образом очередь задерживает. Сказали позвонить на горячую линию, узнать на счёт переадресации, звоню, итог: выходит женщина, истерично орет, якобы от работы отвлекаю, сказала не звонить по этому номеру вообще.	1	0
23	Что бы отправить письмо ЕМS нужно взять талончик и подождать своей очереди. В окне дают заполнить бланк и опять надо брать талончик повторно что бы отправить это письмо!!!! Это что за бред???? Либо сразу давайте бланки ( пока стоишь ждёшь свою очередь заполняешь) либо тогда пусть повторно вызывают после следующего подошедшего . Ну бред какой то. Отстоял, услугу не получил и опять бери талон и опять стой жди. Ужас конечно….	1	0
24	"Отвратительное обслуживание. Постоянное хамство.
Наименование получателя и отправителя постоянно путают. Отправили заявление в страховую компанию, оператор неверно указала получателя. Страховая отказала в выплате, т.е. по трек-номеру получатель не тот. Разогнать всех к чёртовой матери, сделать электронное обслуживание."	1	0
25	"УЖАС УЖАСНЫЙ
ОТВРАТИТЕЛЬНОЕ ОБСЛУЖИВАНИЕ
3 посылки уже пропали пропадом, одну кому то уже выдали, вторая у почтальона потерялась, третья вообще обратно ушла без извещений и даже позвонить не могли!
1 отделение куда лучше работает, всегда по-человечески. Здесь же даже с выше уполномочеными решить ничего нельзя.
Даже обсуждать не хочется ничего больше. Видимо мало ещё наворовали и штрафов нагребли"	1	0
26	Получил извещение о том, что пришло заказное письмо. Приехал за ним в отделение. Оказывается эти товарищи сначала разносят извещения и только потом передают отправления на выдачу. Причем время когда это произойдет неизвестно. В итоге получить письмо я не смог, ждать пока они раздуплятся времени тоже не было. Работу нужно работать. Поеду в другой день. Спасибо почта россии, что до сих пор держите марку. Хотя было бы правильней переименоваться в слоупочта.	1	0
27	кошмарные очереди, постоянно не работает терминал, ен выдает чеки, хотя ленту заправили только что! очередь вызывает сама, хотя предыдущий человек еще не закончил и не отправил письмо!	2	
28	"Постоянно задержки с обработкой посылок, на сайте почты напишут что посылка в отделении-приходите получайте. Но в отделении получите только через пару дней, и попробуйте удивлённо возразить: как же так, ведь пригласили получить???
Узнаете что вы ничего не соображаете в работе почты... Но с другой стороны, что с них требовать? Женщинам старше 40 тоже надо где то работать, и ждать что они будут очень расторопны глупо"	1	0
29	"30 сентября вечером после 18.00, не приняли посылку для отправки. Центральное отделение почты, а вариантов упаковки нестандартной (80см×50см×12см) посылки нет. Мешки оказывается только для авиапересылки. Разговаривать с клиентами не умеют, оператор с каменным лицом, как робот повторяет одно и то же. Мы приехали на такси уже с упакованной посылкой в коробку от телевизора и привезли с собой чёрные плотные мешки, чтоб сверху упаковать, чтоб без надписей и скотча было. Нельзя оказывается, надо обязательно обшивать светлой тканью, швами внутрь и т. д. На главном сайте ""Почты России"" написано, что отправитель может сделать отправку посылки в своей упаковке. Тогда вопрос ""В чём проблема? Почему я должна таскаться по городу упакованной посылкой, тратить деньги на такси и в итоге с ней же вернуться домой?"" Ок! Почта России не желает развиваться, не работает с клиентами по отправке посылок? Что ж, отправлю транспортной компанией и больше никогда за этой услугой в таких случаях к"" Почте России"" обращаться не буду, осталось очень неприятное впечатление."	2	
30	Большое отделение,работает много окон, стоит автомат с талонами, не приходится долго стоять в очереди, сотрудники очень оперативные и отзывчивые, удобный режим работы	5	1
31	Отправляю посылки с этого отделения. Просто экономия времени, все равно приедет сюда. Персонал вежливый. Помогут собрать коробку и сориентируют по размеру посылки.	5	1
32	Заходила в центральное отделение,мужик-алкаш сидит прям на лавочке воняет от него в радиусе 3-х метров!!!!Ужас....Почему мы должны терпеть такое отношение к нам,к клиентам!И никто не выгнал это чудо из отделения!Самим приятно работать в такой атмосфере?Мало того талон взяла,подхожу к окну,и тут же отправили в другое окно)Почему так?	1	0
33	Ужас просто пришёл за посылкой отказали в выдачи хотя в оф приложении сказано можно забрать	1	0
34	Электронная очередь проблему очередей не сильно решает, к сожалению.	3	
35	Три года работаю с этой почтой. Никаких нареканий все быстро, четко а с упрощением системы получать посылки стало ещё быстрее.	5	1
36	Слишком долгое ожидание в очереди	2	
37	Ужасное грубое отношение к клиентам. Информация отсутствует, если нет сотрудника, не понятно окно работает или нет! Для того чтобы купить конверт необходимо взять талон и отстоять очередь. Несмотря на то что есть отдельное окно которое реализует канцелярские и почтовые товары. Невозможно подать заявление на розыск не доставленного отправления так как это подразделение не работает в вечернее время. Не обращайтесь за услугами в это отделение. Испортят настроение только потеряете время.	1	0
38	"Лупоглазая баба перепутала букву в фамилии когда писала своей корявой рукой и создала этим задержку в неделю, другая теперь не отдает посылку, третья про*бала заявление на переадресацию. Четвертая истерично орет на горячей линии по поддержке клиентов.
Не советую отправлять посылки, лучше переплатить у частников 50-100р и посылка придет вовремя, и нервы, время не потратите лишнее.
Алиэкспресс посылки можно забирать, но не больше!!

Почта России, этим все сказано."	1	0
39	Никогда не попадаю на большие очереди, в отделении чисто, все работают оперативно. Для центрального отделения это прям супер :) а ещё там три окна, два из них работают и на выдачу и на отправку одновременно, т.е. необязательно стоять и ждать пока перед тобой отправят три посылки, если тебе надо быстренько получить свою бандерольку. Это прекрасно. Раньше было всего одно окно для всего.	5	1
40	Много переезжаю, поэтому бывала на многих почтах, и всегда у меня это вызывало стресс! Но это отделение мне очень понравилось! Отправляла посылку, Работницы почты были очень доброжелательны, Всё объяснили-пояснили, помогли отправить! Спасибо вам за хорошее настроение!	5	1
41	"Большое спасибо за гашение ""Дни тюркской письменности и культуры"". Всё пришло в великолепной сохранности, штемпеля чёткие, поставлены там где надо - НИКАКИХ ЗАМЕЧАНИЙ! ПРЕЛЕСТЬ! С наступающим Новым Годом! Пусть в Новом году у ВСЕХ работников Почты России РАСТЁТ ЗАРПЛАТА!!! Удачи Вам!"	5	1
42	Надо было отправить посылку, мало того что имея 3 окна работает всего одно, так еще нет ни какой упаковки, что бы это узнать мне пришлось отстоять в очереди. Посоветовали отправить бандеролью, так и там накладка нет пакетов. И это центральное отделение.	1	0
43	Почтовое отделение на самом деле работает до 6, а не до 7)	2	
44	Отличное отделение, только положительные эмоции, сотрудники молодцы! Обслуживаюсь здесь более трех лет	5	1
45	"Ужасный персонал. Официальный график до 19.00 в будни дни. А они закрываются в 17.00 и при этом находятся еще там. Когда захотят - тогда закроются. Вторая касса закралась. Спросил причину «ой, извините, не могу вас обслужить» в итоге забирал свой заказ час. 

1. Медленный персонал
2: у оператора проблемы с зрением и слухом
3: нагло общаются и не выдают накладные 
4: слышу как звонят в рабочий телефон. Оператор не взяв трубку сказал «достали уже»

Я не рекомендую. Я настаиваю уволить данный персонал!"	1	0
46	Снова работают до 17:00 не пишут до скольки работают завтра и не открывают дверь чтобы сказать!	1	0
47	"Ужаснейший график работы! Который день до 17:00 и раз в два дня новая табличка с Новым графиком. Воскресенье, понедельник выходные. 
Отчего скапливаются жуткие очереди. 
Хожу четвёртый день, не могу получить посылку"	1	0
48	Не соответствует режим работы !	1	0
49	"В 16:59 19.07.22 дергаю дверь 
Объявление: по техническим причинам до 17:00 работают

Время 16:59, напоминаю 

Стучусь- не открывают 
Опаздываю на самолёт 
Посылка хранится 7 календарных дней
Учитывая выходные этого отдаления-
Забрать уже никак не успею
Посылка уйдёт назад

Заранее никаких оповещений о том, что закроются раньше- не было 

В 17:04 подходит девушка и ее запускают 
Я объясняю так же свою ситуацию о самолёте и о том, что не успею забрать, посылка уйдёт 

Внутри так же стоят люди и их обслуживают.

Сотрудница закрывает мне перед носом дверь в полушёпот озвучивая МАТЫ!!!

Захлопывая дверь сотрудница ранила мне руку!!!

Это уже совсем потеряна совесть????"	1	0
50	"Со слов кассира данной почты вышестоящее руководство дало им распоряжение отправлять Заказные письма первым классом, тем самым брать с людей в два раза больше денег. Стоимость отправки заказного письма 79 руб 40 коп, первым же классом оно вам обойдётся в 180 руб. Девушка была крайне недовольна тем, что я настоял на том чтобы данное письмо всё-таки отправили заказным письмом.
 Если вы даже указали, что письмо надо отправить заказным, а не первым классом кассир всё-таки может отправить его первым классом несмотря на вашу просьбу.
 Будьте внимательны с данным отделением почты...."	1	0
51	Кто так же как и я хотел бы забрать посылку в Субботу до 18:00, у вас не получится! Отделение по Субботам работает до 16:00, но кто бы знал!? Посмотрела информацию по 2ГИС, указано до 18:00, пришла в начале 6-ого к закрытым дверям! Обновите пожалуйста информацию, что по Субботам вы работаете не до 18:00, а до 16:00 !!!	1	0
52	Все понравилось, отличное обслуживание. Отправлял посылку, сотрудники помогли со всем процессом. Рекомендую!	5	1
53	Рядом с домом))очереди никогда не встречала ещё пока)) обслуживают быстро)) у меня подключено к номеру телефона , поэтому можно без паспорта прийти и ничего заполнять не надо))просто смс на телефон и все)) занимает 1-2 минуты и посылка у меня )) надеюсь не столкнулись с проблемами , что отписывали ниже ((	5	1
54	Ужасно! Тут указано, что выходной сб, вс, а по факту понедельник - выходной, ещё и работают до 16:00. Ехала из другого города специально за посылкой, из-за вас придётся перенести ещё на неделю. Трубки не берут. До этого забирала посылку было отвратительно! Женщина при мне стояла около 40 минут, ждала, потому что работница ушла куда-то с ее паспортом, в итоге посылки нет и настроения возвращаться тоже	1	0
55	Выходной в понедельник???	1	0
56	Нет систематизации, нет порядка: посылки не могут найти, соответственно. Приходится тратить своё время, ходить по несколько раз в отделение за одной посылкой. Сотрудники грубят, включают «защиту», но, уважаемые, наведите порядок в отделение, каждый в своём (это общее к Почте России), и не нужно будет проявлять негатив к клиентам! Это же так просто! Руководителю большой минус. Лайфхак: разложите посылки по числам от 1 до 31. Числа соответствуют дате в любом месяце. И будет все систематизировано, по полочкам: и Вы менее напряжены, и клиенты не тратят своё драгоценное время из-за плохой организации процессов.	2	
57	Это очень долго господа руководители почты России! Народ на улице стоит!	2	
58	Когда уже устаканится рабочий график с выходными днями???	2	
59	"Место неплохое, рбслуживают вроде быстро.
Но на улице холода, а заставляют очередь ждать на улице!! Стряла на улице 15 в очереди + оказалось на почте человека 4 и кто в машине очереди ждал."	2	
60	Рыба гниет с головы... ужасное отношение, полностью не компетентный персонал. Начальник, это индивидуум, которому место далеко не с людьми работать. Готовьтесь, если будуте отстаивать свои права, будете оскорблены отборными матами «начальника».	1	0
61	"Мы переехали в этот район, а до этого пользовались другим отделением Почты России. Так вот в сравнении с ним здесь отличное обслуживание. Ни разу не было негатива. Девушки молодые, активные, шустрые. Обслуживают быстро. 
С тем негативом, что пишут ниже, я не сталкивалась. Поэтому от меня 5 звёзд!!"	5	1
62	Вежливые сотрудники! Отлично и быстро обслуживают :)	5	1
63	Во втором окошке сидит кукушка, пришла за посылкой , говорит не та фамилия, говорю документ сейчас скан скину о смене фамилии или покажу, не стала даже смотреть, требовала в бумажном виде!!!21 век на дворе, многие документы в электронном носителе имеются как скан!!! До этого с этим проблем не было, когда другая девушка сидела!!!	1	0
64	Много раз забирал посылки, проблем никаких!	5	1
65	Хорошее отделение, вежливый персонал, работают быстро. На самом деле удивлён что есть негативные отзывы, просто есть с чем сравнить и это не только почта в Абакане. По телефону так же консультируют вежливо. Время работы в гисе указано не верно, ну может это и хорошо, приезжаю по позже и обслуживаюсь без очередей 	5	1
66	Неудобное время работы филиала, ужас	1	0
67	Был сегодня в этом отделении. Пришел в 16.50. я не знал что работает отделение до 6. Мне там местная Мадама заявила да посылка здесь, забрать через час только сможете. А через час это 17.50 они уже закрываются и уходят умники Ху..вы. Хотя когда я просматривал в отслеживании посылка уже с утра была там и готова к выдачи. Да и когда пришел. Начал общаться с этой мадамой она мне а??? Что??? Я говорю посылка у меня здесь. Показываю документ она с документа так и не смогла найти мою посылку в итоге диктовал громко и четко трек код и ура по трек коду наконец-то нашла и вот сказала ну через час только сможете забрать.	2	
68	Отделение неудобно находится, далеко,с Торосова приходится идти не меньше 15 мин. Работает крайне неудобно по времени,поэтому вовремя не всегда получается прийти.Постоянные вечером очереди,потому что работают до 18.00 ,при том 3 окна работают и все стоят в масках,но наше время скопление народа недопустимо. Маски не спасают. Как то год назад заказывала Товар с Алиэкспресс,позвонили с отделения, чтоб забрала посылки 2 номера назвали посылки.В приложении тоже отслеживалась,что 2 посылки пришли и ожидают на Авиаторов, 16 .Уведомление бумажное почему то не отправили. Может предновогодняя суета была. Пришла , выдали 1 только посылку. Сказали, что 2 ой нет, может не дошла.Но звонила сотрудник отделения, что их 2. Потом сказали после Праздников обращайтесь.Пришла в отделении, так посылку не нашли. Сказали, её видимо отправили обратно в Китай, у них сотрудница работала, что она любитель была обратно отправлять посылки и её уволили. Но посылка в приложении Алиэкспресс показывала, что она лежит в отделении. Писала в службу поддержки Алиэкспресс,звонила на Почту- в итоге Сроки прошли Претензии. А посылка так и не нашлась.А стоимость около 1 тыс. Потом несколько человек встречала, что в этом отделении просто воровали посылки с Китая. Что у них так же исчезали и в Китай они обратно не приходили.Может ту сотрудницу и уволили, что она воровала, а не отправляла назад.	2	
69	Самое отвратительное отделение! Слава богу прописка сменилась и больше не нужно обращаться сюда! У персонала вечные проблемы с настроением. Злые постоянно.	5	0
70	Меня вопрос мучает: нафиг нужно отделение почты, которое работает, когда все на работе, а когда оно реально нужно, оно закрыто? Отделение для домохозяек?	1	0
71	На удивление быстрое обслуживание. Был тут в последний раз до карантина, отправлял посылку. Работают два окна, принимают оперативно	5	1
72	Сколько раз была, всегда приветливый персонал. Да, бывают очереди, но где их нет в конце рабочего дня? Просто сюда только после работы за посылкой зайдешь или на выходных.	5	1
73	Добрый день. Отделение почты России устраивает. Доброжелательный персонал, всегда объяснит если появились вопросы, помогли найти посылку.	4	
74	Постоянная очередь. Хамское отношение к клиентам.	1	0
75	Вечно недовольные. Ну не нравиться тебе работать, ну уволься, зачем портить настроение другим?	1	0
76	Неужели нельзя в уведомлениях сразу написать, что работаете до 18.00, а не до 20.00?! Гоняете людей, и перед носом двери закрываете!!	2	
77	Просто о*реневшее отделение, люди стоят в очереди с заполненными письмами на отправку, приходят какие-то айтишники и работники почты говорят, что принимать никого не будут. Конверты продали, а принимать на отправку не хотят.	1	0
78	"Отвратительный руководитель, как и его сотрудники. Пришли получить посылку, на улице льёт дождь, крыша протекает и все капает + холодно. Попросились зайти внутрь, не пустила ещё и накричали. Хамка!!!!!! Девушка с чёрными волосами. 
Мало того, что наорали, так ещё и все 3 часа делают. Еле шевелятся. Я бы поставила 0 из 5!!!! 
Куда жаловаться дальше , я даже не знаю."	1	0
79	Мне нравится отправлять посылки в этом отделении почты. Девушки приветливые , если необходима консультация по способу отправки - подскажут , как лучше. Я довольна )	5	1
80	Сколько раз была в этом отделении ни разу не возникло проблем. Девушки приветливы, возможно соглашусь с торопливостью.. хотелось бы, но не критично!	5	1
81	Сб и вс выходной....	1	0
82	Очень медленные сотрудники, всегда очередь	1	0
83	Руководитель данного отделения соответсвует низкому рейтингу указанному здесь. Клиентоориентированность на нуле!	1	0
84	Единственный плюс - это вежливый персонал. Не понимаю, зачем вообще нужна почта, если в отделении я не могу купить открытку с видом города? Зато других товаров на продажу там не меряно: от туалетной бумаги до пылесоса. Причём по вертолетной цене. Скажите, реально люди приходят на почту, чтобы купить набор конфет или постельное бельё??? Лучше бы открытки в ассортимент включили.	2	
85	Никакой организованности, работают - то до 19:00, то до 20:00. Сотрудники работают крайне медленно и относятся к клиенту по-хамски.	1	0
86	очень медленные сотрудники, никакого уважения к клиенту	1	0
87	Бездарность и бестолковость сотрудников, не могут в вечернее время выдать перевод, инкассация всему виной...	1	0
88	Очень медленно работают, грубят клиентам, огромные очереди, отстояла в одной очереди, выяснилось что Оплата картой в другую очередь, не какой информации об этом не указано. Все посылки лежат как попало, нечего не могут найти	1	0
89	Сотрудники всегда приветливы	5	1
90	"Наша почта как и другие муниципальные отделения не направлены на выполнение услуг для населения, а только для отправки писем и продажи лотерейных билетов, не более того.
Принес топливный бак от мотоцикла узнать о стоимости отправки и отправить соответственно: в итоги нет необходимой упаковки по габаритам и расчитать стоимость не могут, ибо не примут к отправке!!! Ок. Иду по магазинам ищу коробку: отстаиваю очередную очередь - оператор подходит и говорит: коробка без надписей и скотча должна быть! !! СКОЛЬКО СТОИТ ОТПРАВКА?? ой а там программа считает надо взвешивать, а принять не можем!!! .... что за ...... . Какие варианты? Ну купите ленту и обклейте.
Ни стоимости ни отправки.

Вы что издеваетесь!!!
Какой нафиг сервис.

Я клиент принес бабло, оно вам не надо!!!
Потерял уйму времени, не понимание и сплошные советы и упреки!

Никогда и нигде не писал отзывы, а тут аж рвет изнутри."	1	0
91	Хорошее отделение,всегда приветливый персонал!	5	1
92	Обслуживание хорошее, всегда помогут и подскажут.	5	1
93	Самое лучшее отделение почты! Девочки всегда спешат, если много народа. Всегда вежливые.	5	1
94	хорошее отделение. дальше посмотрим)	4	
95	Хорошее отделение (особенно в сравнении с некоторыми другими пунктами в городе), вежливые сотрудники, получения выдают быстро, график удобный - некоторые почтамты закрываются раньше, чем я успеваю с работы вернуться и выходные дни у них не пойми как, да и сотрудники хамят бывает. Тут лучше. Побольше бы ТАКИХ отделов, как этот.	5	1
96	Это какой то…. Нет слов. У одной комп завис, вторая на телефоне решает свои проблемы, третья где то бегает и ей пофигу на всех, четвертая занята «перебирает бумажки». У вас как вообще с работой с клиентами? Ребята, в 22 году так не работают уже…	1	0
97	Отвратительный персонал	1	0
98	Не могу дозвониться уже второй день никто не отвечает. Федеральный номер- робот- несёт всякую чушь	1	0
99	Отделение как отделение, за исключением девушки-гопницы на приёме писем. Либо платите ей больше, либо научите правилам общения с клиентами	2	
100	"Итак, кут хаят и кричат на сотрудников, но уважаемое управление, кто ответственный за работоспособность отделения, я тут уже не в первые и каждый раз у сотрудников возникает проблема с техникой, перезагружается программы, а это потеря времени как клиентов так и работников, а соответственно негатив в отношении вашей ""компании"" давно пора уже поменять управленчество и нанять адекватных людей которые исправят текущее положение!"	3	
101	Сколько можно переделывать графики и не отражать здесь? Почему человек приходит и все закрыто, здесь один график работы, на самом деле абсолютно другой! За три месяца 4 раза поменяли!!!	2	
102	Отделение, как и почти все отделения почты в России, оставляет желать лучшего в техническом плане и в плане внешнего вида. Сотрудники хорошие, за много лет никто мне не грубил. А если с кем то они разговаривают на повышенных тонах то их можно понять, за такую то зарплату! Все мы люди. Я бы за такие деньги вообще на работу не выходил	4	
103	В 18:00 уже закрыты!!! График до 20:00	1	0
104	В 18:00 отделение уже закрывают , хотя график до 20:00 , в чем дело?	1	0
105	в 18:35 уже никого не пускали, хотя работают до 19:00.Свет горел. На звонок по телефону не ответили.пока сидела в машине наблюдала что 3 человек встретились лбом с закрытой дверью и ушли с таким же недоумением.через пару минут вышли 2 сотрудницы,по быстрому закрыли и убежали. При том,что второй день подряд не удалось получить посылку. То программа не работает,то работники домой уходят раньше времени	2	
106	Отвратительное обращение к посетителям, только и могут на повышенных тонах общаться и вечно заняты, хотя сидят 3 человека и работа только у одного из троих идёт	1	0
107	Отвратительное отделение, работники ругаются матом при клиентах, ужас просто!	1	0
108	Работают до 19, а указано до 20	3	
109	Пожалуйста поставьте мусорку возле вашего отделения, смените дверь, а то скрипит и выглядит очень плохо, добавьте света в отделении, мы будем вам очень благодарны!	3	
110	Большие очереди, постоянно зависают компьютеры. Чтобы получить посылку надо потратить около часа.	1	0
111	Время работы не совпадает, для чего писать режим работы с 8, когда по факту с 9. Пришла туда в 8.40, так меня же еще и обхаяли	2	
112	Время работы в дабл гисе и самой почты не совпадает. На мой вопрос о несоответствии времени мне сказали мне «И что теперь»	1	0
113	Ну такое. Я всегда вежлива с сотрудниками, ожидаю от людей того же. Перестали извещения носить в последнее время, и как человек должен узнать, что пришла посылка, если она не отслеживается? И меня при этом сделали виноватой, что я не забрала посылку, и её отправили обратно... На мой аргумент, что извещения не было, мне ответили, должно было быть 	2	
114	Хороший филиал, когда прихожу, в очереди максимум 2-3 человека.	5	1
115	Очень негативное впечатление от этой почты. Не дошла посылка, посылки ворует водитель,по словам самих работников,это не первый случай,!!!! Работники даже не обнаружили потерю посылки,пока мы сами не пришли. Полный бардак.!	1	0
116	В субботу работает до 18;00, а тут указано до 19	4	
117	Нормальное отделение. Живу рядом, была там много раз и ни разу косяков не видела. Очереди везде, тут я бы не сказала что долго стоишь, все достаточно быстро и четко	4	
118	Всё хорошо 	5	1
119	Везде работают до 20.00ч. А эти до 18.00	1	0
120	В ДубльГИСе указан график работы в воскресенье с 9:00 до 14:00. но по факту на самом отделении почты России висит график работы где четко прописано что воскресенье выходной. Зря через весь город ехал.....	1	0
121	Для чего приложение придумали со штрихкодом, если операторы все равно просят паспорт и заполнять бланк на получение??? (штрих код отслеживался, отправление было по России)	1	0
122	Эта самая ужасная почта в мире!! Такое чувство работники специально играют на нервах посетителей, ооочень медленно печатают, не спеша что то ищут и еще недовольные лица,о боги поменяйте там всех операторов! Еще выясняют что то между собой,говорят подожите и стоишь минут 15 ждешь. На ленина все быстро все отлично,но почему здесь так!	1	0
123	Отличный персонал . Приятный и отзывчивый. Работающий на своём месте. Также есть и абонентские ящики.	5	1
124	Написанно что работают до 18.00 по факту приехал в 14.50 мне сказали что уже закрыты	1	0
125	Медленно обслуживают, на улице, на жаре стоишь до одурения. Кошмар короче, народ зря пришел, постоял и домой пошел.	1	0
126	"Всё очень медленно, работники сидят, чешут языками, люди стоят по несколько часов! Лучше бы руками так работали. 
Несколько раз приходила, то одно, то другое. Постоянно виснет программа. Не возможно получить заказ!"	1	0
127	Действительно оооочень медлительные. Это очень раздражает. Надо быть максимально свободным ото всех дел, что бы прийти забрать посылку.	2	
128	Посылки выдают сразу, а вот почтальоны очень медленные видать, так как оповещения только на третий день после прихода посылки на почту появляются в ящиках, я не говорю уже про судебные они вообще могут прийти в последний день хранения или вообще не прийти.	3	
129	Ах да, посылку я так и не забрала, точнее мне не захотели её искать. Сказали что такие посылки не отслеживаются, а то что она сама видела у меня в телефоне что до почты отслеживалась это никого не волнует походу.	1	0
130	Вечный бардак! После работы придёшь-Работает один кассир, второй вечно занят.	1	0
131	Очень даже нормальное отделение,проблем ни разу не возникало.а на очередь можно и в магазине попасть.	5	1
132	Одно из самых приятных отделений Почты России! Вежливые, спокойные и всегда готовые помочь сотрудницы!	5	1
133	"Очень медленные операторы. Часто работает только один оператор, даже если куча народу в очереди. НО! пропускают вперед беременных или с маленькими детьми, если вас заметят) хоть за это спасибо! 
долго обрабатываются посылки на получение. Иногда по 3-5 дней!"	2	
134	Уведомления о посылках зачастую не приходят и если вовремя не забрать свою посылку, она может затеряться. В отделении всегда очередь и при этом словно насмешка висит объявление «Если перед вами 5 человек и более, позвоните по телефону 8800...» Однажды пробовал позвонить, но автомат там так долго рассказывает про возможности «Если... нажмите 1...», что проще отстоять очередь... Сотрудники медлительные и даже когда очередь, половина из них занимаются не обслуживанием клиентов, а какими-то другими делами	2	
135	Отврат, операторы отправляют за сдачей в магазины. Хамят и оскорбляют. Очень медленные.	1	0
136	"График работы указан в 2ГИС до 19:00.
А по факту работают до 18:09, только в 17:00 уже закрыто."	1	0
137	"Мало того что посылку без моего ведома перенаправили с авиаторов 16 на этот адрес(и делали это два дня, мол, удобнее) мне за 20 минут до закрытия приходит уведомление что посылка в месте получения, так ещё придя на адрес вижу табличку: ""Закрыто до 19:00 по тех причинам"" с подписью даты, в 19:02 стучится, говорят : ""Нам вас после рабочего дня обслуживать?"" Написали бы, что закрыто полностью, стояли 15 минут ждали просто так, пока откроется."	1	0
138	Почему время работы до 19:00 стоит, а в 18:53 уже закрыто?	1	0
139	Жду уведомление о получении бандероли. 24.03.2022г вручили почтальону Александровой Н. Е. Сегодня 29.03.2022. Пошла сама наугад. Вопрос - где ваш ответственный за доставку человек, который в течении 5 дней так и не появился .	1	0
140	Всегда было хорошее отделение, но набрали новых сотрудников и всё изменилось. Грубят, вынуждают отправлять посылки более дорогим классом. Причем в один и тот же населённый пункт могут отправить и за 161 рубль, и за 400. От пункта назначения не зависит. Соглашаются отправлять сразу не более 5 бандеролей. Но зато соглашаются отправить 17, если из них большую часть послать 1 классом. На сайте не нашла такого условия. Извещения вообще приносят дней через 10-15 после того, как посылка приходит в отделение. Вне зависимости от того, получена она уже или нет.	1	0
141	Норм. Не шеймите это отделение. Забираю тут и отправляю, и пока никаких нареканий.	5	1
142	Года два хожу за посылками в это отделение. Мне нравится. Обслуживание нормальное. Отвечают,объясняют,подсказывают.	5	1
143	Не присылают извещения. Звонят сообщить о посылке только тогда, когда уже приготовили её на возврат	1	0
144	скоты какие-то работают, ничего больше не скажешь	1	0
145	Че за хрень, тут указано что работают в воскресное , а по факту нет.	1	0
146	Отучите своих девочек заниматься вдвоём одним клиентом!	2	
147	За 4 года, ни одного нарекания. Грамотный персонал, работают хорошо и быстро.	5	1
148	Никогда никаких проблем не возникало.	5	1
149	"Не принесли извещение , посылку отправили обратно , спасибо большое ! 
Самая убогая почта в мире !"	1	0
150	Хороший персонал, люди как люди, не замечал никогда плохого отношения. Что касается выходных - ну ладно, что понедельник выходной. Зато в воскресенье работает, а кому-то в выходной удобнее сходить, чем в будни после учёбы/работы. А посылки быстро всегда находили - не было задержек никаких.	5	1
151	В понедельник выходной!!!!!!!!!!!!! Это на двери написано!!!что за бред вообще!!!! Обслуживание отвратное!!!!	1	0
152	Самая убогая почта , пол часа одну посылку ищут втроём! Спросить не дают, в очереди в итоге простояла кучу времени в толпе, спросила по своей очереди , оказалось не надо было стоять , сразу они ответить на один вопрос не могли видите ли они заняты поиском втроём!	1	0
153	Ужасное отделение почты, прислали оповещение, где график работы 9-19ч и пн рабочий день. После работы спокойно пришла, а там висит другой график работы и конечно же закрыто!!!!. А когда уже забирала посылку, сказала про такой НЮАНС с графиком, сотрудница нагрубила, сказав, что это старое оповещение. Даже не извинилась.	1	0
154	Сотрудники, как сотрудники. Но постоянно упираться в закрытые двери уже изрядно надоело.. График работы идиотический.	2	
155	Все быстро и добрые сотрудники!	5	1
156	Это самое ужасное отделение нашего города! График работы просто не совместим с рабочим классом! Работаю с 9 до 18, не успеваю ни утром ни вечером...Толпа народу и всего 2 сотрудницы, причём одна всегда занята чем то другим...И воскресенье с понедельником выходной...Откройте нормальное отделение в нашем микрорайоне, с нормальным графиком часами работы хотя бы до 19-00	1	0
157	"Это отделение почты для тех у кого есть время...
По другому их рабочий график я назвать не могу работаю с 8 до 7 я ясен пень посылку забрать не успеваю а отделение слишком далеко от работы что бы туда даже в обед сгонять вот и получается что я свою посылку не могу забрать в субботу я тоже работаю... Вообще люди я хренею я хотел перенаправить свои посылки в другое отделение которое хотя бы до 8 работает но это платная услуга заплатить почти 300 рублей что бы почтовое отделение которое сократило себе рабочий день переслали мои посылки в другое отделение почты которое работает хотя бы до 8... Это блин бред. Хотя бы в воскресенье пару часов бы поработали... Я не думаю что все как и я в субботу работают но я всё-таки думаю что такие есть и они меня поддержат чтобы либо продлить их режим работы в какой-то из дней кроме субботы само собой либо в воскресенье хотя бы пару часов поработать. А то это реально дурдом какой-то"	1	0
158	Хамоватые сотрудники, с неисправной техникой. Не компетентны, не знают нюансов собственной работы. Посылку отправили в другое отделение, от сотрудника поступило потрясающее предложение протопать до того отделения самой и забрать посылку там, либо дождаться в родном отделении. В другом отделении мне сказали что посылки вообще у них не было и она мол сразу отправилась в нужное. И благодаря их замечательному графику работы посылку я смогу забрать только через два дня.	1	0
159	Ужасное отделение! Персонал одни хамки! Отношение к людям просто отвратительное.	1	0
160	Отличное отделение, мне нравится, всегда вежливые девчонки, всегда все скажут, обьяснят.	5	1
161	Ужасное обслуживание! Так медленно все делают!	1	0
162	девченки молодцы. всегда помогут. а обед есть у всех. не забывайте. я когда прихожу все быстро происходит.	5	1
163	Ужасное отдаление. Всё очень долго, много народу, 2 человека просто не справляются со всей работой. В отдаление не дозвониться. Режим рабочего времени для почты очень шикарный - с 9 до 18 и обед с 13.00 до 14.00. То есть в своё отдаление ты в будние не попадёшь в принципе, а в сб простоишь пол дня в очереди 	1	0
164	Вежливые сотрудники. Все норм.	5	1
165	Товарищи, подымем честь и рейтинг почты вместе. Долой розовых непонятных существ. Только безпаспортное получение.	5	1
166	"Отлично, всегда прихожу за посылочками
И всех своих там знают,самый лучший оператор"	5	1
167	"Уже не первый раз прихожу отправить вещь в пределах России. И не всегда получается по одной простой причине: отсутствие коробок, пакетиков и скотча. В остальном ""Почта России"" работает нормально."	3	
168	Сервис на 0. Обслуживание очень медленное. Лишний раз попу от стула не оторвут. Хамят. В вопросах не компетентны	3	
169	Очень нравится обслуживание. Приятная, доброжелательная девушка, всегда готова помочь при разных затруднениях.	5	1
170	Очень крутое отделение. Извещание принесли быстро. Забрал уже 2 посылки. Там работает очень хорошая бабушка.	5	1
171	Вежливые и компитентные сотрудники	5	1
172	Отличное отделение, сотрудники молодцы!	5	1
173	Все печально. Не видела ни одного приветливого сотрудника в данном отделении ни разу.	1	0
174	Лучшее в Абакане отделение почты! Очень доброжелательный персонал, ещё и сообщают обо всех посылках по WhatsApp. Молодцы!	5	1
175	Лучшее отделение почты	5	1
176	Самая адекватна почта в Абакане.	5	1
177	Дамы в данном почтовом отделении большие молодцы!!! Очень приветливые и доброжелательные! Всегда оповестят звонком о пришедшей посылке. Спасибо большое Вам!!!	5	1
178	Присоединяюсь к отзывам. The best!!!	5	1
179	Обожаемое отделение, переехали от туда, но все равно получать едем туда посылки, девочки там лучшие, ни когда не грубят и всегда улыбаются	5	1
180	Доброжелательный персонал , спасибо	5	1
181	Лучшее почтовое отделение в Абакане. Персонал просто божественный. Из пожеланий, постройте большое и красивое здание в этом месте с большой парковкой для наших девочек, они достойны большего!	5	1
